{"index": 255.0, "rmse": 0.06138901621419898, "r": 1.0, "p": 0.9868421052631579, "resize": 0.35, "thresh": 0.02, "sigma": 4.0}
{"index": 256.0, "rmse": 0.11773736345976682, "r": 0.9902912621359223, "p": 0.9776357827476039, "resize": 1.0, "thresh": 0.02, "sigma": 3.0}
{"index": 257.0, "rmse": 0.17209611564806632, "r": 0.9966749792186201, "p": 0.9966749792186201, "resize": 1.0, "thresh": 0.02, "sigma": 3.0}
{"index": 258.0, "rmse": 0.1418446376327104, "r": 0.9904458598726115, "p": 0.9810725552050473, "resize": 0.6, "thresh": 0.02, "sigma": 3.0}
{"index": 259.0, "rmse": 0.11640259673437481, "r": 0.9649122807017544, "p": 0.9777777777777777, "resize": 1.0, "thresh": 0.02, "sigma": 3.0}
{"index": 260.0, "rmse": 0.08355002617713304, "r": 0.9953596287703016, "p": 0.988479262672811, "resize": 0.5, "thresh": 0.02, "sigma": 3.0}
{"index": 261.0, "rmse": 0.28354306353732045, "r": 0.9423423423423424, "p": 0.947463768115942, "resize": 0.2, "thresh": 0.025, "sigma": 2.0}
{"index": 262.0, "rmse": 0.1280556162454636, "r": 0.9736842105263158, "p": 0.9823008849557522, "resize": 0.45, "thresh": 0.02, "sigma": 3.0}
{"index": 263.0, "rmse": 0.1917594996639295, "r": 0.9421855146124524, "p": 0.9680156657963447, "resize": 0.3, "thresh": 0.02, "sigma": 2.0}
{"index": 264.0, "rmse": 0.13094533860174046, "r": 0.9528023598820059, "p": 0.9613095238095238, "resize": 0.5, "thresh": 0.02, "sigma": 3.0}
{"index": 265.0, "rmse": 0.12943450216605235, "r": 0.9978662873399715, "p": 0.9950354609929078, "resize": 0.8, "thresh": 0.02, "sigma": 3.0}
{"index": 266.0, "rmse": 0.10731961867978983, "r": 0.9574155653450808, "p": 0.9939024390243902, "resize": 1.2, "thresh": 0.02, "sigma": 3.0}
{"index": 267.0, "rmse": 0.12600277925266246, "r": 1.0, "p": 0.9892933618843683, "resize": 0.7, "thresh": 0.02, "sigma": 4.0}
{"index": 268.0, "rmse": 0.08389449788293893, "r": 0.9972677595628415, "p": 0.9959072305593452, "resize": 0.7, "thresh": 0.02, "sigma": 4.0}
{"index": 269.0, "rmse": 0.14410303619366355, "r": 0.9952316076294278, "p": 0.9965893587994543, "resize": 0.7, "thresh": 0.02, "sigma": 3.0}
{"index": 270.0, "rmse": 0.11230890414742668, "r": 0.967032967032967, "p": 0.9887640449438202, "resize": 0.9, "thresh": 0.02, "sigma": 4.0}
{"index": 271.0, "rmse": 0.23350711604106164, "r": 0.4358974358974359, "p": 1.0303030303030303, "resize": 0.5, "thresh": 0.02, "sigma": 3.0}
{"index": 272.0, "rmse": 0.07745445634667299, "r": 0.9967637540453075, "p": 1.0, "resize": 0.6, "thresh": 0.02, "sigma": 3.0}
{"index": 273.0, "rmse": 0.056821198471232265, "r": 0.9936305732484076, "p": 0.9873417721518988, "resize": 0.6, "thresh": 0.02, "sigma": 3.0}
{"index": 274.0, "rmse": 0.04683342404606379, "r": 1.0, "p": 1.0, "resize": 0.6, "thresh": 0.02, "sigma": 3.0}
{"index": 275.0, "rmse": 0.17106434553456343, "r": 0.9969558599695586, "p": 0.9939301972685888, "resize": 0.5, "thresh": 0.02, "sigma": 3.0}
{"index": 276.0, "rmse": 0.07334401762997571, "r": 0.999043062200957, "p": 0.999043062200957, "resize": 1.0, "thresh": 0.02, "sigma": 3.0}
{"index": 277.0, "rmse": 0.19723722606625882, "r": 0.9838056680161943, "p": 0.9838056680161943, "resize": 0.5, "thresh": 0.02, "sigma": 3.0}
{"index": 278.0, "rmse": 0.18498733999087547, "r": 0.9072847682119205, "p": 0.9133333333333333, "resize": 0.8, "thresh": 0.02, "sigma": 3.0}
{"index": 279.0, "rmse": 0.06990477808493624, "r": 0.99812734082397, "p": 1.0, "resize": 0.8, "thresh": 0.02, "sigma": 3.0}
{"index": 280.0, "rmse": 0.24469588615835752, "r": 0.8083700440528634, "p": 0.7520491803278688, "resize": 2.0, "thresh": 0.02, "sigma": 3.0}
{"index": 281.0, "rmse": 0.13885647852257826, "r": 0.9863013698630136, "p": 0.9680672268907563, "resize": 1.9, "thresh": 0.02, "sigma": 3.0}
{"index": 282.0, "rmse": 0.0937549825575543, "r": 0.9635627530364372, "p": 1.0, "resize": 1.2, "thresh": 0.02, "sigma": 3.0}
{"index": 283.0, "rmse": 0.05792966114792162, "r": 1.0, "p": 1.0, "resize": 0.7, "thresh": 0.02, "sigma": 3.0}
{"index": 284.0, "rmse": 0.08126270933388614, "r": 0.9912280701754386, "p": 1.0, "resize": 0.5, "thresh": 0.02, "sigma": 3.0}
{"index": 285.0, "rmse": 0.16195903224396463, "r": 0.9607843137254902, "p": 0.9928486293206198, "resize": 0.4, "thresh": 0.02, "sigma": 3.0}
{"index": 286.0, "rmse": 0.16078423471937586, "r": 0.9148148148148149, "p": 0.997979797979798, "resize": 2.2, "thresh": 0.02, "sigma": 4.0}
{"index": 287.0, "rmse": 0.1551155713905811, "r": 0.9981617647058824, "p": 0.9981617647058824, "resize": 2.0, "thresh": 0.02, "sigma": 4.0}
{"index": 288.0, "rmse": 0.08285124012335904, "r": 1.0, "p": 0.9742647058823529, "resize": 1.6, "thresh": 0.02, "sigma": 3.0}
{"index": 289.0, "rmse": 0.19227732081890872, "r": 0.8619402985074627, "p": 0.8716981132075472, "resize": 1.0, "thresh": 0.02, "sigma": 3.0}
{"index": 290.0, "rmse": 0.11212379324111608, "r": 0.971830985915493, "p": 0.9928057553956835, "resize": 1.0, "thresh": 0.02, "sigma": 3.0}
{"index": 291.0, "rmse": 0.07501267822049, "r": 1.0, "p": 1.0, "resize": 1.0, "thresh": 0.02, "sigma": 3.0}
{"index": 292.0, "rmse": 0.10608690021317052, "r": 1.0, "p": 0.9876543209876543, "resize": 0.8, "thresh": 0.02, "sigma": 3.0}
{"index": 293.0, "rmse": 0.1510480599047277, "r": 1.0, "p": 0.987012987012987, "resize": 0.8, "thresh": 0.02, "sigma": 4.0}
{"index": 294.0, "rmse": 0.0980693140581621, "r": 1.0, "p": 1.0, "resize": 1.0, "thresh": 0.02, "sigma": 4.0}
{"index": 295.0, "rmse": 0.0766984558776551, "r": 1.0, "p": 0.9906542056074766, "resize": 1.6, "thresh": 0.02, "sigma": 4.0}
{"index": 295.0, "rmse": 0.0766984558776551, "r": 1.0, "p": 0.9906542056074766, "resize": 1.6, "thresh": 0.02, "sigma": 4.0}
{"index": 297.0, "rmse": 0.05574982511073862, "r": 1.0, "p": 1.0, "resize": 0.5, "thresh": 0.02, "sigma": 4.0}
{"index": 298.0, "rmse": 0.15753543314355137, "r": 0.9779411764705882, "p": 0.9925373134328358, "resize": 0.7, "thresh": 0.02, "sigma": 4.0}
